Program Name,Cust,Description,Updates to TMM,Type
imsr2aa.w,Nextgen,Open orders to excel report,,Reports
imsr2ab.w,WFB,Truck load report,,Reports
imsr2ac.w,WFB,Group shipping report,,Reports
imsr2ad.w,WFB,MS Shipping report,,Reports
imsr2ae.w,WDP,Leadtime Status report,,Reports
imsr2af.w,WDP,Allocation report - V1,,Reports
imsr2ag.w,Novation,Schedule status dump,,Reports
imsb2aaa.p,Ventramex,Barcode Physical inventory program,PHY,Barcoding
imsb2aba.p,Ventramex,Barcode Receivng,DTR receiving interface,Barcoding
imsb2aa.p,Rowmark,Monarch Serial Label print,,Barcoding
imsb2ab.p,American Louver,Raw Matl transfer,,Barcoding
imsb2ac.p,Tasus,Production Transfer,,Barcoding
imsb2ad.p,Tasus,Inventory Transfer,,Barcoding
imsb2ae.p,Tasus,Order Pick,,Barcoding
imsb2af.p,Tasus,Order Correct,,Barcoding
imsb2ag.p,Tasus,Location inquiry,,Barcoding
imsb2ah.p,Rowmark,Raw Matl transfer with print,,Barcoding
imsb2ai.p,Cornerstone,Combined std & ASN shipping,,Barcoding
imsb2aj.p,DA,Location inquiry,,Barcoding
imsb2ak.p,"Hunter,Timmerije",Item Lookup,,Barcoding
imsb2al.p,"Hunter,Timmerije",Location inquiry,,Barcoding
imsb2am.p,Hunter,Receipt Putaway,,Barcoding
imsb2an.p,Timmerije,Physical inventory & relabel (raw),,Barcoding
imsb2ao.p,Northstar,General inquiry,,Barcoding
imsb2ap.p,Schnipke,Bag & Box Label Print,,Barcoding
imsb2aq.p,Next Gen,Scrap Pallet program,,Barcoding
imsb2ar.p,PPD,Label Reprint - PO change,,Barcoding
imsb2as.p,DA,Serial status inquiry,,Barcoding
imsb2at.p,DA,Clear produced flag,,Barcoding
imsb2au.p,Toray,Misc label print,,Barcoding
imsb2av.p,Toray,Misc FG label print,,Barcoding
imsb2aw.p,Adkev,Production Transfer,,Barcoding
imsb2ax.p,Tasus,Location inquiry,,Barcoding
imsb2ay.p,Bright,Bright Raw Matl Label print,,Barcoding
imsb2az.p,Pliant,Mixed lot serial label,,Barcoding
imsb2ba.p,Bright,Bright Master skid label program,,Barcoding
imsb2bb.p,Medtech,FG/WIP lbl program,,Barcoding
imsb2bc.p,Nypro,Misc label print,,Barcoding
imsb2bd.p,Adkev,Copy of old transfer program,,Barcoding
imsb2be.p,Classic,Misc label print,,Barcoding
imsb2bf.p,Classic,Cross branch transfer,,Barcoding
imsb2bg.p,Classic,Serial label reprint,,Barcoding
imsb2bh.p,Classic,Batch Transfer,,Barcoding
imsb2bi.p,Classic,"Rej, DT, Setup and Run hours entry",,Barcoding
imsb2bj.p,Timmerije,Batch Prod Label Print,,Barcoding
imsb2bk.p,Rowmark,Purch Item Transfer,,Barcoding
imsb2bl.p,Rowmark,Item Inquiry for Italy,,Barcoding
imsb2bm.p,Rowmark,Label reprint - Italy,,Barcoding
imsb2bn.p,Timmerije,Misc label print,,Barcoding
imsb2bo.p,Clarion,DT/Reject entry,,Barcoding
imsb2bp.p,Clarion,Skid Consolidation,,Barcoding
imsb2bq.p,Clarion,Void Serial,,Barcoding
imsb2br.p,Next Gen,Release QC Hold,,Barcoding
imsb2bs.p,Next Gen,Set QC Hold,,Barcoding
imsb2bt.p,Next Gen,DC to Plant Transfer,,Barcoding
imsb2bu.p,Next Gen,Plant to DC transfer,,Barcoding
imsb2bv.p,Clarion,Serial status inquiry,,Barcoding
imsb2bw.p,Next Gen,Load order pick,,Barcoding
imsb2bx.p,CMG,Misc Label print - raw,,Barcoding
imsb2by.p,Next Gen,Transfer to Outside Whse,,Barcoding
imsb2bz.p,Next Gen,Rail Car Trans Ord,,Barcoding
imsb2ca.p,WDP,WPD molded item label print (with IQMS interface),,Barcoding
imsb2cb.p,WDP,WDP customer production scan - add QC item tcpip signal,,Barcoding
imsb2cc.p,Next Gen,Ship Verify,,Barcoding
imsb2cd.p,Classic,Historical Cert reprint,,Barcoding
imsb2ce.p,WDP,Silo Resin Label,,Barcoding
imsb2cf.p,Classic/Technimark,Issue to rework,,Barcoding
imsb2cg.p,Classic/Technimark,Return from rework,,Barcoding
imsb2ch.p,Next Gen,Send ASN to WMS,,Barcoding
imsb2ci.p,Next Gen,Pallet split,,Barcoding
imsb2cj.p,Classic/Technimark,Dreamstation Label,,Barcoding
imsb2ck.p,Next Gen,Job quarantine release (Chiquita),,Barcoding
imsb2cl.p,Timmerije,Unship Serial,,Barcoding
imsb2cm.p,Timmerije,Void Serial,,Barcoding
imsb2cn.p,Next Gen,Shipped pallet - PO label print,,Barcoding
imsb2co.p,WDP,Material Label reprint,,Barcoding
imsb2cp.p,PPD,Ship Mult PO,,Barcoding
imsb2cq.p,Next Gen,Shipped pallet - PO label print - EasyWMS,,Barcoding
imsb2cr.p,Classic/Technimark,ICT Serial receipt,,Barcoding
imsb2cs.p,Aroplax,Branch to Branch transfer (copy of imsb3lp),,Barcoding
imsb2ct.p,Classic/Technimark,Serial label reprint - FG,,Barcoding
imsb2cu.p,Wright Plastics,Custom Misc Label,,Barcoding
imsb2cv.p,Classic/Technimark,Void Master w Carton,,Barcoding
imsb2cw.p,Riverbend/Quantum,Master label print program (clone of wip/fg label print),,Barcoding
imsb2cx.p,Riverbend/Quantum,Master label print program 2 (clone of misc label print),,Barcoding
imsb2cy.p,WDP,Receiving w/Backflush-3,,Barcoding
imsb2cz.p,Next Gen,Return receiving program (copy of imsb3fp),,Barcoding
imsb2da5.p,Next Gen,Rail car for blythwood,,Barcoding
imsb2db.p,Classic/Technimark,Production Label - no ctn number update,,Barcoding
imsb2dc.p,DA,Late Production entry,,Barcoding
imsb2dd.p,CMG,Return pallet,,Barcoding
imsb2de.p,CMG,JIT Stock,,Barcoding
imsl2aa.p,Horn,TRW Label,None,Labeling
imsl2ab.w,Medtech,In House Label,None,Labeling
imsl2ac.w,Tasus,Serialized Label,None,Labeling
imsl2ad.w,Gary Plastics,Molding label print,,Labeling
imsl2ae.w,Gary Plastics,Print/Assm/Foam label print,,Labeling
imsl2af.w,Gary Plastics,Pick Ticket print,,Labeling
imsl2ag.w,Tasus,Print at Press Labels,,Labeling
imsw2aa.p,Gary Plastics,PO List ,None,WebSpeed
imsw2ab.p,Gary Plastics,User Validation,None,WebSpeed
imsw2ac.p,Gary Plastics,SO Summary List,None,WebSpeed
imsw2ad.p,Gary Plastics,SO Detail List,None,WebSpeed
imsw2ae.p,Gary Plastics,Invoice Summary List,None,WebSpeed
imsw2af.p,Gary Plastics,Invoice Detail List,None,WebSpeed
imsw2ag.p,Gary Plastics,PO List - Invoices only,None,WebSpeed
imsw2ah.p,Gary Plastics,Invoice Detail List by invoice,None,WebSpeed
imsw2ai.w,Cornerstone,Sales order report filters,None,WebSpeed
imsw2aix.p,Cornerstone,Sales order report,None,WebSpeed
imsw2aj.w,Cornerstone,Inventory branch report filters,None,WebSpeed
imsw2ajx.p,Cornerstone,Inventory branch report,None,WebSpeed
imsw2ak.w,Cornerstone,Packing list update & Post,PKG,WebSpeed
imsw2al.w,Gary Plastics,Order status update login screen,,WebSpeed
imsw2am.w,Gary Plastics,Order status update,,WebSpeed
imsf2aa.p,Rowmark,Pick label Maintenance,,File Maint
imsf2ab.w,Cornerstone,Load released,,File Maint
imsf2ac.w,Cornerstone,Appt Schedule,,File Maint
imsf2ad.w,Cornerstone,Schedule Status,,File Maint
imsf2ae.w,Cornerstone,Clear Lock Flags Lot/Location,,File Maint
imsf2af.w,Gary Plastics,Schedule Entry,,File Maint
imsf2ag.w,Northstar,Skip lot status - file maint - smart objects,,File Maint
imsf2ah.w,Next Gen,Startup & Misc label print,,File Maint
imsf2ai.w,Hunter,Compound lot release,,File Maint
imsf2aj.w,Next Gen,Scrap Label,,File Maint
imsf2ak.w,Toray,FG QC approval Screen,,File Maint
imsf2al.w,WFB,Operator Dashboard,,File Maint
imsf2am.w,WFB,Inspection Setup Question setup - smart objects,,File Maint
imsf2an.w,WFB,Line Hopper material setup,,File Maint
imsf2ao.w,WFB,Process leader dashboard,,File Maint
imsf2ap.w,Toray,Trial/Non Conforming comment update,,File Maint
imsf2aq.w,Next Gen,Silo Cost Table Maint,,File Maint
imsf2ar.w,Next Gen,Product code setup - freq/password,,File Maint
imsf2as.w,Next Gen,C of A Tests Entry,,File Maint
imsf2at.w,Gary Plastics,Web status user table,,File Maint
imsf2au.w,Next Gen,Start of shft/job sheet scan,,File Maint
imsf2av.w,Classic,Maintenance for IMSCLLOT,,File Maint
imsf2aw.w,Classic,Maintenance for IMSCLSNT,,File Maint
imsf2ax.w,Next Gen,Roll & Carton label with scale interface,,File Maint
imsf2az.w,Next Gen,Packing list print via Corvu,,File Maint
imsf2ba.w,Next Gen,Load Build utility,,File Maint
imsf2bb.w,Next Gen,Shipping label print utility,,File Maint
imsf2bc.w,Classic,Metrology/Eng Input,,File Maint
imsf2bd.w,Classic,Shift report samples,,File Maint
imsf2be.w,Classic,Close Job,,File Maint
imsf2bf.w,Next Gen,IMSNGIEX ADM Smart editor,,File Maint
imsf2bg.w,CMG,IMSCGSNT,,File Maint
imsf2bh.w,CMG,IMSCGLOT ADM browser,,File Maint
imsf2bi.w,CMG,IMSCGSNT ADM browser,,File Maint
imsf2bj.w,Next Gen,Rail car management,,File Maint
imsf2bk.w,WFB,IMSWFCSO maintenance,,File Maint
imsf2bl.w,Next Gen,Prod code / customer Notes maintenance,,File Maint
imsf2bm.w,Next Gen,Station Class / Item throughput maintenance,,File Maint
imsf2bn.w,WFB,WFB Volume LTL maintenance,,File Maint
imsf2bo.w,Next Gen,IMSNGTML ADM browser - Trace Matl Loc table,,File Maint
imsf2bp.w,Next Gen,Set / Clear phy lock,,File Maint
imsf2bq.w,Next Gen,Rail car intransit info update,,File Maint
imsf2br.w,Next Gen,Rail car receipt and label print,,File Maint
imsf2bs.w,Next Gen,Bulk truck receipt / TO create,,File Maint
imsf2bt.w,Next Gen,IMSNGGML ADM browser - Generic Matl Loc table,,File Maint
imsf2bu.w,Next Gen,Material Trace - entry screen,,File Maint
imsf2bv.w,Next Gen,Generic Matl substitution table maintenance (imsnggis),,File Maint
imsf2bw.w,Classic,Readonly version of imsf2aw IMSCLSNT maint,,File Maint
imsf2bx.w,Next Gen,IMSNGSOC ADM browser (station overhead cost),,File Maint
imsf2by.w,Next Gen,C of C test maint ADM imsngcct,,File Maint
imsf2bz.w,Next Gen,C of C item spec maint ADM imsngccs,,File Maint
imsf2ca.w,Next Gen,C of C result maint ADM imsngccr,,File Maint
imsf2cb.w,Next Gen,Pkg type table maint,,File Maint
imsf2cc.w,Next Gen,Serial maintenance ADM imsngsnt,,File Maint
imsf2cd,Timmerije,User def maint ADM iix,,File Maint
imsf2ce.w,WPP,Serial report,,File Maint
imsf2cf.w,Next Gen,Bulk Resin transfer,,File Maint
imsf2cg.w,Next Gen,Rail car Silo phy ticket load,,File Maint
imsf2cr.w,Classic,EOJ lot scan inquriy,,File Maint
imsf2cs.w,Next Gen,Special notes maint ADM imsngrsn,,File Maint
imsf2ct.w,Next Gen,returned pallet/carton serial file main ADM2 imsngrrl,,File Maint
imsu2aa.p,IMS,UPS interface,PKG,Utilities
imsu2ab.w,Rowmark,IIX User define-4 update with prefixed PN,IIX,Utilities
imsu2ac.w,Rowmark,Audit extract to Excel,IAU  ,Utilities
imsu2ad.w,Rowmark,Update quick ship for sublimation,IIB,Utilities
imsu2ae.w,Tasus,Shipment Post,create-pl,Utilities
imsu2af.w,Tasus,Serial upload,Serial upload,Utilities
imsu2ag.w,Clarion,Redi 850 Upload,,Utilities
imsu2ah.w,Gary Plastics,Ship Ack extract to fax,,Utilities
imsu2ai.w,DA Inc,Quick default set utility,IIB,Utilities
imsu2aj.w,DA Inc,Serial set/reset utility,IMSDASNT,Utilities
imsu2ak.w,Gary Plastics,Set fax thru date for Inv fax program - imsu3bh,PAR,Utilities
imsu2al.w,Rowmark,Set check inventory balance - iiv comment,IIV,Utilities
imsu2am.w,Northstar,MRR/ETR Status Update,,Utilities
imsu2an.p,Carthage,Manifest P/L post update - called by TMM PKG post,,Utilities
imsu2ao.p,Carthage,Manifest P/L unpost update - called by TMM PKG post,,Utilities
imsu2ap.w,Adkev,Fix serial info - ,,Utilities
imsu2aq.p,Gary Plastics,EPSA PO Status extract,,Utilities
imsu2ar.w,Everybody,Show lock utility,VST lock table,Utilities
imsu2as.p,Gary Plastics,EPSA  ASN extract,,Utilities
imsu2at.p,Norseman,Unscanned Label report,,Utilities
imsu2au.w,Medtech,Manual IMR Upload,,Utilities
imsu2av.w,Timmerije,iib udf field update,IIB,Utilities
imsu2aw.p,Classic,JVSF transfer in to intransit - called by TMMPKG post,,Utilities
imsu2ax.p,Classic,JVSF transfer out of  intransit - called by TMMPKG unpost,,Utilities
imsu2ay.p,Nextgen,Line Status HTML/XML,,Utilities
imsu2az.w,Timmerije,Vendor Pick List Maint,,Utilities
imsu2ba.w,Northstar,Plantstar interface,,Utilities
imsu2bb.w,Nextgen,Pro Number Maintenance,,Utilities
imsu2bc.w,Custom Molders,Kiosk serial scan,,Utilities
imsu2bd.w,Classic,Project cost update,,Utilities
imsu2be.w,Nextgen,STI Build utility,,Utilities
imsu2bf.w,Nextgen,STI Default station update,,Utilities
imsu2bg.w,Nextgen,Resin Analysis Extract,,Utilities
imsu2bh.p,Nextgen,Void old carton serials,,Utilities
imsu2bi.w,Nextgen,Price update utility,,Utilities
imsu2bj.w,Nextgen,Item / Prod code change set/clear,,Utilities
imsu2bk.w,Timmerije,Customer order upload utility,,Utilities
imsu2bl.w,Nextgen,Batch BOM 7xx copy - call to bmqu34,,Utilities
imsu2bm.w,Nextgen,Update silo balances from eBob Data,,Utilities
imsu2bn.w,Nextgen,Open Order Dashboard,,Utilities
imsu2bo.w,Manar,Forecast Order upload,,Utilities
imsu2bp.w,Nextgen,Infinity Spec update utility,,Utilities
imsu2bq.w,CMG,Skid Placard invoice utility,,Utilities
imsu2br.p,WDP,Weekly cumm extract,,Utilities
imsu2bs.w,WDP,Leadtime inquiry / report,,Utilities
imsu2bt.w,DA Inc,Upload std run rate to STI string-2 field,,Utilities
imsu2bu.w,Nextgen,C of A item spec update utility,,Utilities
imsu2bv.w,Nextgen,Outside whse shipment import,,Utilities
imsu2bw.w,Nextgen,Outside whse receipt,,Utilities
imsu2bx.p,WDP,Daily cumm extract,,Utilities
imsu2by.w,WDP,BMQ update from CSV,,Utilities
imsu2bz.w,Nextgen,Manual C of A data generation,,Utilities
imsu2ca.w,Nextgen,Item pkg spec maintenance,,Utilities
imsu2cb.w,Nextgen,SBS reconciliation,,Utilities
imsu2cc.w,WDP,IIB update from CSV,,Utilities
imsu2cd.p,Timmerije,Download TIG SR data,,Utilities
imsu2ce.w,Fivestar,Dump to IQMS,,Utilities
imsu2cf.p,Nextgen,EMPF1 upload from ADP,,Utilities
imsu2cg.w,Fivestar,Dump CST to IQMS,,Utilities
imsu2ch.w,Manar,Row order upload,,Utilities
imsu2ci.w,Classic,Lot PO update,,Utilities
imsu2cj.p,CMG,Replacement loc - batch pl build,,Utilities
imsu2ck.w,WFB,Load QC question required flags,,Utilities
imsu2cl.w,Nextgen,IIX char-user-def-1 update,,Utilities
imsu2cm.w,CMG,Delete Billing PL,,Utilities
imsu2cn.w,WDP,FG Label print service,,Utilities
imsu2co.w,Timmerije,Run Hydra order export,,Utilities
imsu2cp.w,Timmerije,Import time tickets from Hydra,,Utilities
imsu2cq.w,CMG,Shipping external warehouse,,Utilities
imsu2cr.w,Timmerije,Import goods receipts from Hydra,,Utilities
imsu2cs.p,Timmerije,Batch Import time tickets (run as sched task),,Utilities
imsu2ct.p,Timmerije,Batch Import good reciept (run as sched task),,Utilities
imsu2cu.p,WDP,Auto cycle count - component dispencers,,Utilities
imsu2cv.p,WDP,PCB Reject backflush,,Utilities
imsu2cw.p,Nextgen,Set / Clear Phy Inv Lock flag,,Utilities
imsu2cx.p,Nextgen,SMT Creator (Charter label print),,Utilities
imsu2cy.w,Northstar,Copy bat serial prefix iix to iib,,Utilities
imsu2cz.w,DA Inc,Move sta.user-def-4 to to sta.char-usr-def1,,Utilities
imsu2da.w,Nextgen,PO open line acct fix utility,,Utilities
imsu2db.w,Labcon,Ship-to addr update utility,,Utilities
imsu2dc.w,CMG,Unship pallet from billing p/l,,Utilities
imsu2dd.p,WDP,PCB S/R import,,Utilities
imsu2de.p,Nextgen,Copy 10 to 15 parameter reset,,Utilities
imsu2df.w,Nextgen,Lock TMM users accounts,,Utilities
imsu2dg.p,CMG,TCP Service,,Utilities
imsu2dh.p,Nextgen,Erema Silo Adjust,,Utilities
imsu2di.p,Timmerije,Missing station S/R utility,,Utilities
imsu2dj.p,WPD,PO receipt import utility,,Utilities
imsu2dk.w,Lawrence,GM ASN generation,,Utilities
imsu2dl.p,Chroma,FG serial BCDATA  to IMS service,,Utilities
imsu2dm.p,Chroma,Transfer BCDATA to IMS service,,Utilities
imsu2zz.w,Rowmark,Reconciliation utility - extract to Excel,"IAU,SBS,IIL",Utilities
imsq2aa.w,Rowmark,Inventory inquire,,Query
Testing,Mr. Testing,Testing 123,None,Reports
Phoney,Mr. Phoney,Demo,,File Maint
